filename,split,tokens,trimmed,caption
rrv_0006.jpg,train,73,n,"rrvarma oil painting, man with red cap, man in white dhoti, woman in blue dress, child, man offering cap to another man, man gesturing upward, man holding cap, red cap, white dhoti with belt, blue dress with red trim, village with thatched hut, chickens, distant buildings, full scene with multiple figures"
rrv_0008.jpg,train,76,y,"rrvarma oil painting, Draupadi, woman in red sari, man holding her sari, man in green and gold robe, bearded man in white robe, sari being torn, men surrounding, woman standing with sari pulled, man holding sari, red sari with gold trim, green and gold robe with belt, blue turban with jewels, ornate palace hall, red curtains"
rrv_0011.jpg,train,75,y,"rrvarma oil painting, Droupathi, man in ornate armor, bearded man in pink robe, man in blue robe, woman in red dress, dancing, gesturing, man dancing with arms raised, bearded man gesturing forward, ornate golden armor with tassels, pink draped robe, blue robe with gold trim, palatial hall with pillars, red curtains"
rrv_0012.jpg,train,69,y,"rrvarma oil painting, bearded man seated on throne, woman in blue sari, woman in pink sari, man standing in white dhoti, court scene with kneeling subject before royal figure, seated with hand to chin, standing with sword at side, red and gold robe, blue sari with pearl necklace, pink sari with gold border"
rrv_0022.jpg,test,71,y,"rrvarma oil painting, Kerala Varma Valiya Koil Thampuran, man with white turban, man wearing blue robe, holding a red-bound book, standing upright, facing forward, blue velvet robe with gold trim, layered necklaces, white turban with gold embellishment, indoor with dark backdrop, ornate chair, wooden cabinet with books"
rrv_0027.jpg,test,75,y,"rrvarma oil painting, woman in dark sari, woman in white sari, one woman gently touching the other’s face with a fan, standing woman holding fan near seated woman's face, seated woman resting head on hand, dark sari with gold trim, white sari with gold trim, necklaces, stone balcony with balustrade, trees in background, scattered petals"
rrv_0028.jpg,train,65,n,"rrvarma oil painting, Lady making a garland, woman with long dark hair, woman wearing white garment, making a floral garland, seated, looking toward viewer, white draped garment with black trim, gold jewelry, nose ring, indoor, near table with flowers and cup, red curtain behind, single-figure portrait"
rrv_0040.jpg,train,47,n,"rrvarma oil painting, Malabar Beauty, young woman, holding fabric over chest, head slightly tilted, gazing forward, white draped garment, gold necklace with gemstones, gold earrings, dark background, single-figure portrait"
rrv_0041.jpg,train,40,n,"rrvarma oil painting, Malayali Lady, woman with dark hair, side profile, gazing right, white draped garment, necklace with red gemstones, earrings, dark circular background, oval frame"
rrv_0043.jpg,test,56,n,"rrvarma oil painting, Mohini, woman on swing, sitting on swing, swinging under tree, arms raised holding swing ropes, head tilted upward, white draped garment, gold trim, necklace, forest clearing, mountains in distance, tree overhead, single figure centered"
rrv_0047.jpg,test,64,n,"rrvarma oil painting, Pooruruttathi Thirunal Mahaprabha Amma Thampuran, woman with dark hair, portrayed in still portrait, head slightly tilted, gazing forward, light-colored draped garment, necklace with red pendant, red earrings, plain brown background, single-figure portrait"
rrv_0048.jpg,train,51,n,"rrvarma oil painting, young woman, elderly woman, offering food or drink, young woman extending hand, elderly woman holding bowl, white draped garment, turban, waistband, indoor space with wooden door, stone tiled floor, full scene"
rrv_0049.jpg,train,68,n,"rrvarma oil painting, Radha, woman with dark hair, flower in hair, seated in contemplative stillness, sitting cross-legged on rocks, hands clasped, maroon sari with gold trim, layered necklaces, bangles, riverbank under moonlit sky, trees in background, single-figure portrait centered against natural landscape"
rrv_0050.jpg,train,65,n,"rrvarma oil painting, Bharani Thirunal Rani Parvathi Bayi, woman with dark hair, seated on ornate chair, hands resting on lap, white draped garment with gold trim, heavy gold necklace, large gold earrings, indoor, against dark background with red upholstered chair, single-figure portrait"
rrv_0051.jpg,test,59,n,"rrvarma oil painting, Damayanthi, woman with dark hair, barefoot woman, resting in forest, sitting on rock, hand to forehead, golden draped garment, red inner garment, necklace, dense forest with tall trees and undergrowth, single-figure portrait framed by natural elements"
rrv_0053.jpg,train,70,y,"rrvarma oil painting, woman wearing cream-colored veil, woman in cream sari with black border, woman adjusting necklace, woman in red veil, adorned with jewelry, standing upright, reaching to adjust jewelry, cream-colored saree with black embroidered border, red veil over head, pearl necklaces, indoor space with arched doorway and stone pillars"
rrv_0054.jpg,train,60,n,"rrvarma oil painting, woman with dark hair, woman wearing red fabric, holding letter, gazing thoughtfully, sitting on bed, head resting on hand, green and maroon sari with gold trim, blue lower garment, pearl necklace, bedroom under canopy with draped curtains, single-figure portrait"
rrv_0055.jpg,train,37,n,"rrvarma oil painting, woman, hand near face, looking upward and to side, red draped garment, dark inner garment, necklaces, dark background, single-figure portrait"
rrv_0056.jpg,test,51,n,"rrvarma oil painting, Goddess Lakshmi, woman, elephant, standing on lotus, elephants holding flowers, standing, holding flowers, red sari with gold border, gold jewelry, turban, water, lotus flower, distant hills, single-figure portrait"
rrv_0058.jpg,train,67,n,"rrvarma oil painting, woman holding baby, child sitting, child leaning against wall, resting near temple steps, woman seated looking upward, baby cradled in lap, red sari draped over blue blouse, necklace and bangles, simple cloth wrap, stone temple steps with large pillars, full scene with figures arranged around central woman"
rrv_0060.jpg,train,54,n,"rrvarma oil painting, woman with dark hair, woman wearing red and gold sash, holding a tray with a book, standing, holding tray, white strapless top, draped red and gold sash, pearl necklace, neutral gray background, single-figure portrait"
rrv_0062.jpg,train,73,n,"rrvarma oil painting, Shakuntala, woman with basket, woman with floral garland, woman with head covering, man in yellow robe, walking through forest, gazing backward, walking barefoot, looking back over shoulder, orange draped garment, beige dhoti-like wrap, yellow robe, forest clearing, trees, mountains in distance, group of four people"
rrv_0063.jpg,train,45,n,"rrvarma oil painting, Portrait of a Lady, woman, sitting, hands clasped, dark blue saree with gold polka dots, golden border, pearl necklace, indoor, beside stone column, single-figure portrait"
rrv_0064.jpg,train,58,n,"rrvarma oil painting, Tilottama, naked woman, woman with long dark hair, dancing or posing gracefully, one arm raised, other hand holding fabric, red draped garment with gold trim, pearl necklaces, bangles, cloudy sky background, single-figure portrait"
rrv_0065.jpg,train,51,n,"rrvarma oil painting, Woman Holding a Fruit, woman with dark hair, holding a fruit, head tilted slightly, gazing downward, yellow blouse, pink draped garment with gold trim, gold necklace, neutral brown background, single-figure portrait"
rrv_0068.jpg,train,57,n,"rrvarma oil painting, Kadambari, woman playing sitar, playing sitar, sitting on stone bench, holding sitar, gold and brown patterned sari, black blouse, necklace, stone bench, ivory wall with climbing vines, potted plants, single-figure portrait"
rrv_0069.jpg,train,70,n,"rrvarma oil painting, Sairandri, Keechaka, man with mustache, woman with dark hair, man inviting entry, woman peeking through curtain, man gesturing forward, woman standing behind curtain, red and gold embroidered robe, blue sash, ornate crown with blue feathers, indoor room, wooden door, patterned rug, full scene"
rrv_0071.jpg,train,51,n,"rrvarma oil painting, Lady at Ball Game, woman, playing ball game, one arm raised, head tilted, red and gold draped garment, necklace, bracelets, forest, sky with clouds, red ball in air, single figure centered"
rrv_0072.jpg,train,52,n,"rrvarma oil painting, woman with long dark hair, woman wearing jewelry, sitting on rocks, looking toward viewer, blue blouse, red draped garment, pearl necklace, riverbank at night, moonlit sky, distant trees, single-figure portrait"
rrv_0073.jpg,train,54,n,"rrvarma oil painting, Malabar beauty, woman with dark hair, woman wearing white garment, posing for portrait, hand resting on chin, looking slightly upward, white draped garment, red necklace, gold bangles, neutral soft background, single-figure portrait"
rrv_0075.jpg,train,51,n,"rrvarma oil painting, woman holding baby, woman looking down, baby being held, holding baby, woman leaning toward baby, woman gazing downward, white draped garment, plaid cloth over baby, gold necklace, dark oval background, oval framed portrait"
rrv_0076.jpg,train,70,n,"rrvarma oil painting, Reclining Nayar Lady, reclining woman, standing woman, resting, holding fan, reclining on bed with head resting on hand, gazing toward viewer, white draped garment with gold trim, dark green sleeve, gold necklace with red pendant, indoor room, bed with patterned cover, blue pillow, full scene"
rrv_0077.jpg,train,46,n,"rrvarma oil painting, Reverie, woman with dark hair, contemplating, hand to chin, gazing upward, white draped garment, gold trim, necklace, indoor, column, drapery, single-figure portrait"
rrv_0078.jpg,train,74,n,"rrvarma oil painting, Sairandhri, woman in dark sari, man with turban and spear, woman holding plate with offering, man guarding her, woman covering face with hand, man standing upright holding spear, dark blue sari with red border, ornate orange tunic, white turban, stone steps, carved elephant relief, wooden door, two figures on stairs"
rrv_0081.jpg,train,60,n,"rrvarma oil painting, Sakunthala, woman wearing pink sari, woman in dark dhoti, deer, sitting together by water, sitting on rock, looking upward, pink draped sari, dark dhoti, flower garland, riverbank with trees and hills, full scene with figures centered"
rrv_0083.jpg,train,49,n,"rrvarma oil painting, Shakuntala, woman, man in distance, resting outdoors, sitting on rock, head turned slightly, golden drape, necklace, bracelet, palm tree, rocky terrain, hills, single-figure portrait"
rrv_0084.jpg,train,47,n,"rrvarma oil painting, Thara Varini, woman, side profile, head turned slightly forward, red and orange draped garment, heavy gold and red jewelry, floral hair ornament, plain light background, single-figure portrait"
rrv_0085.jpg,train,61,n,"rrvarma oil painting, The Maharashtrian Lady, woman with dark hair, woman holding tray, presenting fruit on tray, standing, holding tray with left hand, red and gold saree with green border, necklace, earrings, outdoor with trees and sky in background, single-figure portrait"
rrv_0086.jpg,test,49,n,"rrvarma oil painting, The Miser, bearded old man, holding cloth, seated, looking toward viewer, red patterned coat, striped skirt, ornate turban, indoor, dark background, red curtain to left, single-figure portrait"
rrv_0087.jpg,train,46,n,"rrvarma oil painting, The suckling child, woman, child, nursing, woman reclining, woman hand on head, red draped fabric, green draped cloth, pearl necklace, dark red background, oval frame"
rrv_0088.jpg,train,62,n,"rrvarma oil painting, woman holding child, child, dog, woman cradling child, woman standing upright, child held against her chest, white draped garment with gold trim, jewellery including necklace, bangles, indoor space with dark wooden wall and patterned floor, full-length portrait with figures centered"
rrv_0090.jpg,train,68,n,"rrvarma oil painting, Yasoda, Krishna, woman holding child, child, woman holding child while gesturing, woman seated, child sitting on her lap, woman draped in sari, child in dhoti-like garment, both adorned with necklaces and bangles, outdoor landscape with trees and hills, portrait composition with figures centered"
rrv_0091.jpg,train,57,n,"rrvarma oil painting, Rani of Kurupam, woman with dark hair, woman wearing blue sari, posing for portrait, seated, hand near face, blue sari with gold trim, pearl and gemstone necklace, earrings, indoor, against draped background, single-figure portrait"
rrv_0092.jpg,train,66,n,"rrvarma oil painting, man in black coat, man in white robe, man in red turban, man in blue robe, gathering for ceremony, standing near decorated hut, standing on steps, standing beside boat, black coat, white robe, red turban, coastal village, thatched hut, palm trees, full scene"
rrv_0093.jpg,test,74,n,"rrvarma oil painting, Ram, Laxman, bearded man, young man with crown, woman kneeling, young man with bow, kneeling in reverence, seated together, sitting on rock, kneeling with hands clasped, red draped cloth, yellow dhoti, pearl necklace, forest with trees, rocky ground, mountains in distance, group portrait"
rrv_0094.jpg,train,73,y,"rrvarma oil painting, Sri Rama, shirtless man holding bow, woman in red dhoti, two women in yellow and white garments, man preparing to shoot arrow, women moving through water, standing on rocks aiming bow, woman gesturing forward, white dhoti wrapped around waist, red dhoti, gold jewelry, stormy sea with waves, rocky shore"
rrv_0099.jpg,train,54,n,"rrvarma oil painting, Maharani Lakshmi Bayi, woman with dark hair, woman wearing floral hair ornament, standing, gazing forward, red and gold saree, blue blouse, gold belt, stone column, red curtain, ornate table, single-figure portrait"
rrv_0100.jpg,train,69,n,"rrvarma oil painting, Draupadi, Simhika, woman in red sari, woman in black sari, walking through forest, standing side by side, right arm around left shoulder, red sari with gold trim, black sari with gold trim, necklaces, dense forest with trees and undergrowth, full-length portrait in natural setting"
rrv_0101.jpg,train,43,n,"rrvarma oil painting, A Tamil Lady, woman, playing the swarbat, sitting, holding instrument, blue blouse with gold trim, golden draped fabric, necklace, dark background, single-figure portrait"
rrv_0103.jpg,test,60,n,"rrvarma oil painting, Sri Rama, man holding bow, bearded man, elderly man, woman in red dress, breaking bow, holding bow, man stretching arm, bearded man standing, purple sash, gold crown, necklace, arched doorway, stone steps, ornate wall, full scene"
rrv_0104.jpg,train,73,y,"rrvarma oil painting, Jatayu, man with raised arm, woman with hands over face, large bird with spread wings, man fighting bird, bird attacking, man leaping upward with sword raised, woman crouching with head bowed, green and gold draped garment, red skirt with gold trim, necklace and crown, sky with distant mountains, cloudy sky"
rrv_0105.jpg,train,42,n,"rrvarma oil painting, Swarbat Player, woman with dark hair, head turned slightly, looking forward, gold necklace, pearl strands, red gemstone earrings, dark background, close-up detail"
rrv_0107.jpg,train,65,n,"rrvarma oil painting, Goddess Saraswathi, woman, peacock, playing stringed instrument, seated by water, sitting on stone, holding stringed instrument, white sari with gold trim, red blouse, jewellery including necklace, riverbank, trees in background, lotus flowers floating, single-figure portrait"
rrv_0113.jpg,train,71,y,"rrvarma oil painting, Shakuntala, Dushyant, man in white dhoti and gold sash, woman in yellow saree, naked upper torso man in pink dhoti, elderly man in orange dhoti, presenting a cloth to a seated figure, bowing before a royal figure, standing on steps facing forward, bending forward holding cloth"
rrv_0120.jpg,train,66,n,"rrvarma oil painting, Sita, woman holding another woman, bearded man, child, man seated on throne, woman being comforted, seated woman cradling another, man seated upright, purple and gold draped garments, pearl necklaces, golden crown, temple ruins with flags, dark night sky, diptych format"
rrv_0121.jpg,train,75,y,"rrvarma oil painting, Sri Krishna as Envoy, man in blue robe, man in red robe, bearded old man, woman in white robe, presenting sword to seated figure, crowd gathered around, standing with sword extended, seated on raised platform, blue robe with gold trim, red robe with gold embroidery, white robe with gold trim, richly decorated palace interior"
rrv_0124.jpg,train,68,y,"rrvarma oil painting, woman with long dark hair, woman wearing purple veil, woman draped in green and gold, standing indoors near a table, standing upright, holding a hookah, ornate cream dress with gold embroidery, red and blue draped cloak, purple veil and robe, richly decorated room with patterned walls and tiled floor"
rrv_0125.jpg,train,55,n,"rrvarma oil painting, woman with dark hair, woman holding fruit, holding a yellow fruit, head tilted slightly, looking toward viewer, green blouse, purple draped garment with gold trim, pearl necklace, dark oval background, single-figure portrait within oval frame"
rrv_0129.jpg,train,52,n,"rrvarma oil painting, Vishvamitra, bearded man with hair tied up, holding prayer beads, sitting cross-legged, looking down, pink draped garment, black beaded necklace, stone-walled interior, cloth hanging, single-figure portrait"
rrv_0130.jpg,train,75,y,"rrvarma oil painting, Meghanada, woman in pink sari, man holding her, bearded man in purple robe, man in golden armor, a woman being held, a man pointing at something, woman embracing man, man in armor pointing, golden armor with jewels, green and gold armor, pink draped sari, stone steps, arched doorway, ancient palace interior"
rrv_0131.jpg,train,60,n,"rrvarma oil painting, Village Belle, woman with red veil, woman balancing pot on head, carrying water pots, standing upright, one arm raised holding pot, red and yellow traditional dress, patterned border, gold bangles, outdoor, plain background with faint vegetation, single-figure portrait"
