filename,title,blip2,final_desc,caption
rrv_0006.jpg,Bheeshma oath,a man and woman in indian clothing,"a man in white raising his arm to take an oath, villagers and a rooster on a riverbank","rrvarma oil painting, Bheeshma oath, a man in white raising his arm to take an oath, villagers and a rooster on a riverbank"
rrv_0008.jpg,Draupadi Vastraharan,a woman being taken away by a man,a prince dragging a woman in a red sari by her hair in a royal court,"rrvarma oil painting, Draupadi Vastraharan, a prince dragging a woman in a red sari by her hair in a royal court"
rrv_0011.jpg,Droupathi in Virata's Palace,a man lying on the floor in front of a group of people,a woman lying on the floor before a king on his throne in a pillared royal court,"rrvarma oil painting, Droupathi in Virata's Palace, a woman lying on the floor before a king on his throne in a pillared royal court"
rrv_0012.jpg,Droupathi in Virata's Palace,a man sitting on a throne with other people around him,"a king seated on a throne with queens and courtiers, a man kneeling before him","rrvarma oil painting, Droupathi in Virata's Palace, a king seated on a throne with queens and courtiers, a man kneeling before him"
rrv_0022.jpg,Kerala Varma Valiya Koil Thampuran,a man wearing a turban and holding a book,"portrait of a man in a blue coat and gold turban holding a book, dark background","rrvarma oil painting, Kerala Varma Valiya Koil Thampuran, portrait of a man in a blue coat and gold turban holding a book, dark background"
rrv_0025.jpg,Sri Krishna as Envoy,a painting depicting the meeting between krishna and rama,blue-skinned Krishna seated among kings and courtiers in a royal court,"rrvarma oil painting, Sri Krishna as Envoy, blue-skinned Krishna seated among kings and courtiers in a royal court"
rrv_0027.jpg,Ladies in the Moonlight,two women in saris sitting on a balcony,"two women in saris on a balcony, one shading her eyes with a fan","rrvarma oil painting, Ladies in the Moonlight, two women in saris on a balcony, one shading her eyes with a fan"
rrv_0028.jpg,Lady making a garland,an indian woman sitting at a table,a woman in a white cloth stringing a flower garland at a table,"rrvarma oil painting, Lady making a garland, a woman in a white cloth stringing a flower garland at a table"
rrv_0040.jpg,Malabar Beauty,a woman wearing jewelry,"portrait of a woman with a flower in her hair, gold jewellery and a white cloth, dark background","rrvarma oil painting, Malabar Beauty, portrait of a woman with a flower in her hair, gold jewellery and a white cloth, dark background"
rrv_0041.jpg,Malayali Lady,a woman with long hair,"portrait of a woman with long hair in a sheer white cloth, oval frame","rrvarma oil painting, Malayali Lady, portrait of a woman with long hair in a sheer white cloth, oval frame"
rrv_0043.jpg,Mohini,a woman swinging on a swing,"a woman in a white sari on a swing hung from a tree, hills behind","rrvarma oil painting, Mohini, a woman in a white sari on a swing hung from a tree, hills behind"
rrv_0047.jpg,Pooruruttathi Thirunal Mahaprabha Amma Thampuran,a woman wearing a necklace,"portrait of a woman in a white cloth with a necklace, dark brown background","rrvarma oil painting, Pooruruttathi Thirunal Mahaprabha Amma Thampuran, portrait of a woman in a white cloth with a necklace, dark brown background"
rrv_0048.jpg,Charity,a woman handing something to an old man,a young woman with long hair giving alms to an old beggar at a doorway,"rrvarma oil painting, Charity, a young woman with long hair giving alms to an old beggar at a doorway"
rrv_0049.jpg,Radha in the Moonlight,a woman in a sari sitting by the water,a woman in a sari sitting by moonlit water at night,"rrvarma oil painting, Radha in the Moonlight, a woman in a sari sitting by moonlit water at night"
rrv_0050.jpg,Bharani Thirunal Rani Parvathi Bayi,an indian woman sitting in a chair,a woman in white with heavy gold necklaces seated in a red chair,"rrvarma oil painting, Bharani Thirunal Rani Parvathi Bayi, a woman in white with heavy gold necklaces seated in a red chair"
rrv_0051.jpg,Damayanthi Vanavasa,a woman sitting in the woods,a woman in a yellow sari sitting under a tree in a dark forest,"rrvarma oil painting, Damayanthi Vanavasa, a woman in a yellow sari sitting under a tree in a dark forest"
rrv_0053.jpg,Decking the Bride,a group of women in traditional clothing,veiled women dressing a bride in an arched room,"rrvarma oil painting, Decking the Bride, veiled women dressing a bride in an arched room"
rrv_0054.jpg,Disappointing News,a woman reading a book on a bed,a sad woman reclining on a bed holding a letter,"rrvarma oil painting, Disappointing News, a sad woman reclining on a bed holding a letter"
rrv_0055.jpg,Expectation,a woman in a red sari,a woman in a dark red sari resting her head on her hand,"rrvarma oil painting, Expectation, a woman in a dark red sari resting her head on her hand"
rrv_0056.jpg,Goddess Lakshmi,"lakshmi, goddess of wealth and prosperity","a four-armed goddess in a red sari standing on a lotus, holding lotus flowers, white elephants behind","rrvarma oil painting, Goddess Lakshmi, a four-armed goddess in a red sari standing on a lotus, holding lotus flowers, white elephants behind"
rrv_0058.jpg,Gypsies,a woman playing a musical instrument,"a gypsy woman with a baby and children sitting by a stone wall, a stringed instrument beside her","rrvarma oil painting, Gypsies, a gypsy woman with a baby and children sitting by a stone wall, a stringed instrument beside her"
rrv_0060.jpg,The Maharani of Travancore,a woman holding a book,a woman in a patterned red shawl holding a tray with a book,"rrvarma oil painting, The Maharani of Travancore, a woman in a patterned red shawl holding a tray with a book"
rrv_0062.jpg,Shakuntala looking back to glimpse Dushyanta,three women walking in the woods,"young women walking through a forest, one turning to look back","rrvarma oil painting, Shakuntala looking back to glimpse Dushyanta, young women walking through a forest, one turning to look back"
rrv_0063.jpg,Portrait of a Lady,an old painting of a woman in a sari,"a seated woman in a dark polka-dot sari with a gold border, red chair","rrvarma oil painting, Portrait of a Lady, a seated woman in a dark polka-dot sari with a gold border, red chair"
rrv_0064.jpg,Tilottama,a naked woman in a pink sari,a partially draped woman in a pink cloth tossing a ball against a cloudy sky,"rrvarma oil painting, Tilottama, a partially draped woman in a pink cloth tossing a ball against a cloudy sky"
rrv_0065.jpg,Woman Holding a Fruit,a woman holding an apple,"a woman in a yellow sari holding a fruit, looking over her shoulder","rrvarma oil painting, Woman Holding a Fruit, a woman in a yellow sari holding a fruit, looking over her shoulder"
rrv_0068.jpg,Kadambari,a woman playing the sitar,a woman in a sari playing the sitar on a stone bench,"rrvarma oil painting, Kadambari, a woman in a sari playing the sitar on a stone bench"
rrv_0069.jpg,Sairandri and Keechaka,an indian man and woman standing in front of a curtain,a crowned man reaching toward a frightened woman at a curtained doorway,"rrvarma oil painting, Sairandri and Keechaka, a crowned man reaching toward a frightened woman at a curtained doorway"
rrv_0071.jpg,Lady at Ball Game,a woman dancing in the woods,a woman in a red sari playing with a ball in a garden,"rrvarma oil painting, Lady at Ball Game, a woman in a red sari playing with a ball in a garden"
rrv_0072.jpg,Lady in the Moon Light,a woman sitting on a rock by the water,a woman in a sari sitting on a rock by moonlit water at night,"rrvarma oil painting, Lady in the Moon Light, a woman in a sari sitting on a rock by moonlit water at night"
rrv_0073.jpg,Malabar beauty,a woman wearing a white dress and jewelry,a woman in a white cloth and jewellery resting her chin on her hand,"rrvarma oil painting, Malabar beauty, a woman in a white cloth and jewellery resting her chin on her hand"
rrv_0075.jpg,A Sisterly Remembrance,two women holding a baby,"two women holding a baby, oval frame","rrvarma oil painting, A Sisterly Remembrance, two women holding a baby, oval frame"
rrv_0076.jpg,Reclining Nayar Lady,a woman laying on a bed with a fan,"a woman reclining on a cushion holding a fan, a maid behind her","rrvarma oil painting, Reclining Nayar Lady, a woman reclining on a cushion holding a fan, a maid behind her"
rrv_0077.jpg,Reverie,a woman in a white sari,a thoughtful woman in a white sari leaning against a pillar,"rrvarma oil painting, Reverie, a thoughtful woman in a white sari leaning against a pillar"
rrv_0078.jpg,Sairandhri,an indian woman and man standing on steps,"a veiled woman in a dark sari carrying a bowl up temple steps, a guard with a spear beside her","rrvarma oil painting, Sairandhri, a veiled woman in a dark sari carrying a bowl up temple steps, a guard with a spear beside her"
rrv_0081.jpg,Sakunthala Pathralekhan,two indian women sitting on the ground,two women resting on the ground by a lake in the wilderness,"rrvarma oil painting, Sakunthala Pathralekhan, two women resting on the ground by a lake in the wilderness"
rrv_0083.jpg,Shakuntala,a woman sitting on a rock,"a woman in a yellow sari sitting on a rock under a palm tree, hills behind","rrvarma oil painting, Shakuntala, a woman in a yellow sari sitting on a rock under a palm tree, hills behind"
rrv_0084.jpg,Thara Varini / A Tamil Lady,an indian woman wearing a sari,profile portrait of a woman in a red sari with gold earrings,"rrvarma oil painting, Thara Varini / A Tamil Lady, profile portrait of a woman in a red sari with gold earrings"
rrv_0085.jpg,The Maharashtrian Lady,a woman holding a tray of fruit,a woman in a red sari holding a tray of fruit,"rrvarma oil painting, The Maharashtrian Lady, a woman in a red sari holding a tray of fruit"
rrv_0086.jpg,The Miser,an old man sitting at a table,an old bearded man in a turban counting coins at a table,"rrvarma oil painting, The Miser, an old bearded man in a turban counting coins at a table"
rrv_0087.jpg,The suckling child,a woman with her child,"a mother nursing a baby, reclining on a red cushion, oval frame","rrvarma oil painting, The suckling child, a mother nursing a baby, reclining on a red cushion, oval frame"
rrv_0088.jpg,There Comes Papa,a woman holding a baby and a dog,"a woman in a white sari holding a child, a dog at her feet","rrvarma oil painting, There Comes Papa, a woman in a white sari holding a child, a dog at her feet"
rrv_0090.jpg,Yasoda with Krishna,a woman holding a child,"a mother holding the child Krishna, landscape behind","rrvarma oil painting, Yasoda with Krishna, a mother holding the child Krishna, landscape behind"
rrv_0091.jpg,Rani of Kurupam,a woman,a woman in a pale blue sari with pearl jewellery resting her head on her hand,"rrvarma oil painting, Rani of Kurupam, a woman in a pale blue sari with pearl jewellery resting her head on her hand"
rrv_0092.jpg,Historic Meeting,a group of people standing in front of a building,"a ceremonial meeting of Indian and British officials outside a decorated pavilion, palm trees and flags","rrvarma oil painting, Historic Meeting, a ceremonial meeting of Indian and British officials outside a decorated pavilion, palm trees and flags"
rrv_0093.jpg,Ram & Laxman,three men and a woman sitting on the ground,"two crowned princes and a bearded sage seated in a forest, a figure bowing at their feet","rrvarma oil painting, Ram & Laxman, two crowned princes and a bearded sage seated in a forest, a figure bowing at their feet"
rrv_0094.jpg,Sri Rama Vanquishing the Sea,the hindu god rama in the ocean,"Rama with a bow on a rock above stormy waves, the sea god rising from the water, lightning","rrvarma oil painting, Sri Rama Vanquishing the Sea, Rama with a bow on a rock above stormy waves, the sea god rising from the water, lightning"
rrv_0099.jpg,Maharani Lakshmi Bayi,a woman in a sari,"a queen in a red and gold sari standing by a table with flowers, red curtain","rrvarma oil painting, Maharani Lakshmi Bayi, a queen in a red and gold sari standing by a table with flowers, red curtain"
rrv_0100.jpg,Draupadi and Simhika,two women dressed in saris in the woods,"two women in saris hurrying through a forest, looking back in alarm","rrvarma oil painting, Draupadi and Simhika, two women in saris hurrying through a forest, looking back in alarm"
rrv_0101.jpg,A Tamil Lady Playing the Swarbat,a woman playing a musical instrument,"a woman in a yellow sari holding a stringed instrument, dark background","rrvarma oil painting, A Tamil Lady Playing the Swarbat, a woman in a yellow sari holding a stringed instrument, dark background"
rrv_0103.jpg,Sri Rama breaking the bow,a man holding a sword in front of a group of people,a young prince bending a huge bow before a royal court and palace shrine,"rrvarma oil painting, Sri Rama breaking the bow, a young prince bending a huge bow before a royal court and palace shrine"
rrv_0104.jpg,Jatayu Vadham,an indian man with a bird in his hand,"a demon king carrying a woman through the sky, slashing the wing of a giant eagle","rrvarma oil painting, Jatayu Vadham, a demon king carrying a woman through the sky, slashing the wing of a giant eagle"
rrv_0105.jpg,Swarbat Player (detail),a woman wearing jewelry and earrings,"close-up of a woman with a red bindi, gold earrings and layered necklaces","rrvarma oil painting, Swarbat Player (detail), close-up of a woman with a red bindi, gold earrings and layered necklaces"
rrv_0107.jpg,Goddess Saraswathi,a woman playing a musical instrument,"a goddess in a white sari playing the veena on a rock by a river, a peacock at her feet","rrvarma oil painting, Goddess Saraswathi, a goddess in a white sari playing the veena on a rock by a river, a peacock at her feet"
rrv_0113.jpg,Shakuntala In The Court Of Dushyant,men in indian clothing standing on a stage,a woman standing before a crowned king and courtiers in a royal court,"rrvarma oil painting, Shakuntala In The Court Of Dushyant, a woman standing before a crowned king and courtiers in a royal court"
rrv_0120.jpg,Sita Bhumipravesh,the hindu king with his wife and children,"a crowned king on a throne with sages and twin boys, a woman embraced by the earth goddess in the foreground","rrvarma oil painting, Sita Bhumipravesh, a crowned king on a throne with sages and twin boys, a woman embraced by the earth goddess in the foreground"
rrv_0121.jpg,Sri Krishna as Envoy,indian men sitting around a table,blue-skinned Krishna seated among kings and courtiers in a royal court,"rrvarma oil painting, Sri Krishna as Envoy, blue-skinned Krishna seated among kings and courtiers in a royal court"
rrv_0124.jpg,The Begum's Bath,a woman dressed in traditional indian clothing,a noblewoman in a long embroidered robe with attendants in a tiled palace bath,"rrvarma oil painting, The Begum's Bath, a noblewoman in a long embroidered robe with attendants in a tiled palace bath"
rrv_0125.jpg,The Coquette,an indian woman holding an apple,"a woman in a purple sari holding a fruit, oval frame","rrvarma oil painting, The Coquette, a woman in a purple sari holding a fruit, oval frame"
rrv_0129.jpg,Vishvamitra,a man with a beard sitting on the ground,a bearded sage with a topknot in orange robes holding prayer beads,"rrvarma oil painting, Vishvamitra, a bearded sage with a topknot in orange robes holding prayer beads"
rrv_0130.jpg,Victory of Meghanada,people in india,a victorious warrior prince in a palace courtyard with captured women and a royal umbrella,"rrvarma oil painting, Victory of Meghanada, a victorious warrior prince in a palace courtyard with captured women and a royal umbrella"
rrv_0131.jpg,Village Belle,an indian woman carrying water on her head,a village woman in a red sari carrying a water pot on her head,"rrvarma oil painting, Village Belle, a village woman in a red sari carrying a water pot on her head"
