filename,commons_title,title,date,license,orig_width,orig_height,source_url,type,keep,split,drop_reason,type_confidence
rrv_0000.jpg,"File:A depiction of Dattatreye from the Ravi Varma studio, c.1910's.jpg","A depiction of Dattatreye from the Ravi Varma studio, c.1910's","1910sdate QS:P,+1910-00-00T00:00:00Z/8",Public domain,946,1237,"https://commons.wikimedia.org/wiki/File:A_depiction_of_Dattatreye_from_the_Ravi_Varma_studio,_c.1910%27s.jpg",,n,,"studio work, not Ravi Varma",
rrv_0001.jpg,File:A seated Indian woman plays a sitar next to a garden pond. Wellcome L0051650.jpg,A seated Indian woman plays a sitar next to a garden pond.,,Public domain,4768,6452,https://commons.wikimedia.org/wiki/File:A_seated_Indian_woman_plays_a_sitar_next_to_a_garden_pond._Wellcome_L0051650.jpg,,n,,duplicate of rrv_0002,
rrv_0002.jpg,File:A seated Indian woman plays a sitar next to a garden pond. Wellcome V0046370.jpg,A seated Indian woman plays a sitar next to a garden pond.,,Public domain,2287,3196,https://commons.wikimedia.org/wiki/File:A_seated_Indian_woman_plays_a_sitar_next_to_a_garden_pond._Wellcome_V0046370.jpg,oleograph,y,,,high
rrv_0003.jpg,File:A swan telling Damayanti of Nala's love. Chromolithograph by Wellcome V0045111.jpg,A swan telling Damayanti of Nala's love. Chromolithograph by,,CC BY 4.0,2248,3120,https://commons.wikimedia.org/wiki/File:A_swan_telling_Damayanti_of_Nala%27s_love._Chromolithograph_by_Wellcome_V0045111.jpg,oleograph,y,,,high
rrv_0004.jpg,File:Ahalya.jpg,Ahalya,Unknown date,Public domain,1493,2048,https://commons.wikimedia.org/wiki/File:Ahalya.jpg,oleograph,y,,,high
rrv_0005.jpg,File:Bheeshma oath by RRV.jpg,"Bheeshma oathlabel QS:Len,""Bheeshma oath""label QS:Lml,""ഭീഷ്മശപഥം""",Unknown date,Public domain,780,1065,https://commons.wikimedia.org/wiki/File:Bheeshma_oath_by_RRV.jpg,,n,,duplicate of rrv_0006,
rrv_0006.jpg,File:Bheeshma oath by RRV (cropped).jpg,"Bheeshma oathlabel QS:Len,""Bheeshma oath""label QS:Lml,""ഭീഷ്മശപഥം""",Unknown date,Public domain,780,813,https://commons.wikimedia.org/wiki/File:Bheeshma_oath_by_RRV_(cropped).jpg,oil,y,train,,low
rrv_0007.jpg,"File:Chitralekha, by Raja Ravi Varma.jpg","Chitralekha, by Raja Ravi Varma",Unknown date,Public domain,4072,6010,"https://commons.wikimedia.org/wiki/File:Chitralekha,_by_Raja_Ravi_Varma.jpg",oleograph,y,,,high
rrv_0008.jpg,"File:Draupadi Vastraharan, Raja Ravi Varma.jpg","Draupadi Vastraharan, Raja Ravi Varma",Circa 1888 -1890,Public domain,2064,2800,"https://commons.wikimedia.org/wiki/File:Draupadi_Vastraharan,_Raja_Ravi_Varma.jpg",oil,y,train,,high
rrv_0009.jpg,"File:Draupadi Vastraharan, Raja Ravi Varma (crop 3).jpg","Draupadi Vastraharan, Raja Ravi Varma (crop 3)","between circa 1888 and circa 1890date QS:P,+1850-00-00T00:00:00Z/7,P1319,+1888-00-00T00:00:00Z/9,P1326,+1890-00-00T00:00:00Z/9,P1480,Q5727902",Public domain,935,1269,"https://commons.wikimedia.org/wiki/File:Draupadi_Vastraharan,_Raja_Ravi_Varma_(crop_3).jpg",,n,,duplicate of rrv_0008,
rrv_0010.jpg,File:Draupadi and Pandavas.jpg,Draupadi and Pandavas,"circa 1910date QS:P,+1910-00-00T00:00:00Z/9,P1480,Q5727902",Public domain,904,1231,https://commons.wikimedia.org/wiki/File:Draupadi_and_Pandavas.jpg,oleograph,y,,,high
rrv_0011.jpg,File:Draupadi humiliated RRV.jpg,"Droupathi in Virata's Palacelabel QS:Len,""Droupathi in Virata's Palace""label QS:Lml,""ദ്രൗപതി വിരാട സദസ്സിൽ""",Unknown date,Public domain,4256,2706,https://commons.wikimedia.org/wiki/File:Draupadi_humiliated_RRV.jpg,oil,y,train,,high
rrv_0012.jpg,File:Draupadi humiliated RRV crop.jpg,"Droupathi in Virata's Palacelabel QS:Len,""Droupathi in Virata's Palace""label QS:Lml,""ദ്രൗപതി വിരാട സദസ്സിൽ""",Unknown date,Public domain,1128,2214,https://commons.wikimedia.org/wiki/File:Draupadi_humiliated_RRV_crop.jpg,oil,y,train,,high
rrv_0013.jpg,File:Gajalakshmi.jpeg,Lakshmi Saraswati Sanyog,"1910date QS:P571,+1910-00-00T00:00:00Z/9",Public domain,1205,1573,https://commons.wikimedia.org/wiki/File:Gajalakshmi.jpeg,oleograph,y,,,high
rrv_0014.jpg,File:Ganga and Bhishma.jpg,Ganga and Bhishma,"circa 1900date QS:P,+1900-00-00T00:00:00Z/9,P1480,Q5727902",Public domain,2936,4169,https://commons.wikimedia.org/wiki/File:Ganga_and_Bhishma.jpg,oleograph,y,,,high
rrv_0015.jpg,File:Goddess Lakshmi by Raja Ravi Varma.jpg,Goddess Lakshmi,,Public domain,770,1070,https://commons.wikimedia.org/wiki/File:Goddess_Lakshmi_by_Raja_Ravi_Varma.jpg,,n,,duplicate of rrv_0038,
rrv_0016.jpg,File:Half-clothed Tilottama flying in the sky playing with a red Wellcome V0045104.jpg,"Half-clothed Tilottama flying in the sky playing with a red balllabel QS:Len,""Half-clothed Tilottama flying in the sky playing with a red ball""","1896date QS:P571,+1896-00-00T00:00:00Z/9",Public domain,2298,3148,https://commons.wikimedia.org/wiki/File:Half-clothed_Tilottama_flying_in_the_sky_playing_with_a_red_Wellcome_V0045104.jpg,,n,,duplicate of rrv_0064,
rrv_0017.jpg,File:Hansa Damayanthi.jpg,Hansa Damayanthi,"circa 1910date QS:P571,+1910-00-00T00:00:00Z/9,P1480,Q5727902",Public domain,2289,3065,https://commons.wikimedia.org/wiki/File:Hansa_Damayanthi.jpg,,n,,duplicate of rrv_0003,
rrv_0018.jpg,"File:Kadambari playing sitar, edit.jpg","Kadambari playing sitar, edit",ca. 1910,Public domain,12124,17199,"https://commons.wikimedia.org/wiki/File:Kadambari_playing_sitar,_edit.jpg",,n,,duplicate of rrv_0002,
rrv_0019.jpg,File:Kadambari playing sitar.jpg,Kadambari playing sitar,ca. 1910,Public domain,12124,17497,https://commons.wikimedia.org/wiki/File:Kadambari_playing_sitar.jpg,,n,,duplicate of rrv_0002,
rrv_0020.jpg,File:Kaikeyi vilap.jpg,Kaikeyi vilap,"circa 1895date QS:P571,+1895-00-00T00:00:00Z/9,P1480,Q5727902",Public domain,4188,5842,https://commons.wikimedia.org/wiki/File:Kaikeyi_vilap.jpg,oleograph,y,,,high
rrv_0021.jpg,File:Kali by Raja Ravi Varma.jpg,Kali trampling Shiva,"circa 1910date QS:P571,+1910-00-00T00:00:00Z/9,P1480,Q5727902",Public domain,4164,5783,https://commons.wikimedia.org/wiki/File:Kali_by_Raja_Ravi_Varma.jpg,oleograph,y,,,high
rrv_0022.jpg,File:Kerala Varma Valiya Koil Thampuran Changanassery Lakshmipuram Palace.jpg,"Kerala Varma Valiya Koil Thampuranlabel QS:Len,""Kerala Varma Valiya Koil Thampuran""label QS:Lml,""കേരളവർമ്മ വലിയ കോയിത്തമ്പുരാൻ""","1880date QS:P571,+1880-00-00T00:00:00Z/9",Public domain,4164,5334,https://commons.wikimedia.org/wiki/File:Kerala_Varma_Valiya_Koil_Thampuran_Changanassery_Lakshmipuram_Palace.jpg,oil,y,test,,high
rrv_0023.jpg,File:King Dushyanta proposing marriage with a ring to Shakuntala. Wellcome V0045115.jpg,King Dushyanta proposing marriage with a ring to Shakuntala.,,CC BY 4.0,2399,3285,https://commons.wikimedia.org/wiki/File:King_Dushyanta_proposing_marriage_with_a_ring_to_Shakuntala._Wellcome_V0045115.jpg,oleograph,y,,,high
rrv_0024.jpg,"File:Krishna as Envoy, by Raja Ravi Varma.jpg","Krishna as Envoy, by Raja Ravi Varma",1905,Public domain,1200,1600,"https://commons.wikimedia.org/wiki/File:Krishna_as_Envoy,_by_Raja_Ravi_Varma.jpg",,n,,duplicate of rrv_0121,
rrv_0025.jpg,File:Krishna as Envoy.jpg,Sri Krishna as Envoy,"1905date QS:P571,+1905-00-00T00:00:00Z/9",Public domain,822,1054,https://commons.wikimedia.org/wiki/File:Krishna_as_Envoy.jpg,oil,n,,duplicate of rrv_0121 (colour-shifted scan),high
rrv_0026.jpg,File:Kurma Avatar by Raja Ravi Varma.jpg,Kurma Avatar by Raja Ravi Varma,1910,Public domain,2972,4155,https://commons.wikimedia.org/wiki/File:Kurma_Avatar_by_Raja_Ravi_Varma.jpg,oleograph,y,,,high
rrv_0027.jpg,File:Ladies in the moonlight by RRV.jpg,Ladies in the Moonlight,Unknown date,Public domain,1506,2000,https://commons.wikimedia.org/wiki/File:Ladies_in_the_moonlight_by_RRV.jpg,oil,y,test,,high
rrv_0028.jpg,"File:Lady making a garland, by Raja Ravi Varma.jpg","Malayalam:  മാലകെട്ടുന്ന സ്ത്രീ Lady making a garlandtitle QS:P1476,ml:""മാലകെട്ടുന്ന സ്ത്രീ ""label QS:Lml,""മാലകെട്ടുന്ന സ്ത്രീ ""label QS:Len,""Lady making a garland""",1895,Public domain,6151,8540,"https://commons.wikimedia.org/wiki/File:Lady_making_a_garland,_by_Raja_Ravi_Varma.jpg",oil,y,train,,high
rrv_0029.jpg,"File:Lakshmi, by Raja Ravi Varma, 1930s, edit.jpg","Lakshmi, by Raja Ravi Varma, 1930s, edit",1930s,Public domain,7987,11024,"https://commons.wikimedia.org/wiki/File:Lakshmi,_by_Raja_Ravi_Varma,_1930s,_edit.jpg",,n,,duplicate of rrv_0038,
rrv_0030.jpg,"File:Lakshmi, by Raja Ravi Varma, 1930s.jpg","Lakshmi, by Raja Ravi Varma, 1930s",1930s,Public domain,8171,11311,"https://commons.wikimedia.org/wiki/File:Lakshmi,_by_Raja_Ravi_Varma,_1930s.jpg",,n,,duplicate of rrv_0038,
rrv_0031.jpg,"File:Lakshmi, by Raja Ravi Varma and Ravi Varma Press, 1930s, edit.jpg","Lakshmi, by Raja Ravi Varma and Ravi Varma Press, 1930s, edit",1930s,Public domain,7827,10896,"https://commons.wikimedia.org/wiki/File:Lakshmi,_by_Raja_Ravi_Varma_and_Ravi_Varma_Press,_1930s,_edit.jpg",,n,,duplicate of rrv_0038,
rrv_0032.jpg,"File:Lakshmi, by Raja Ravi Varma and Ravi Varma Press, 1930s.jpg","Lakshmi, by Raja Ravi Varma and Ravi Varma Press, 1930s",1930s,Public domain,7827,10980,"https://commons.wikimedia.org/wiki/File:Lakshmi,_by_Raja_Ravi_Varma_and_Ravi_Varma_Press,_1930s.jpg",,n,,duplicate of rrv_0038,
rrv_0033.jpg,"File:Lakshmi, by Ravi Varma Fine Art Lithographic Press, Bombay, 1894.jpg","Lakshmi, by Ravi Varma Fine Art Lithographic Press, Bombay, 1894",1894,Public domain,2754,4032,"https://commons.wikimedia.org/wiki/File:Lakshmi,_by_Ravi_Varma_Fine_Art_Lithographic_Press,_Bombay,_1894.jpg",,n,,duplicate of rrv_0038,
rrv_0034.jpg,"File:Lakshmi Embellished, by Ravi Varma Press, edit.jpg","Lakshmi Embellished, by Ravi Varma Press, edit",1890,Public domain,8618,11942,"https://commons.wikimedia.org/wiki/File:Lakshmi_Embellished,_by_Ravi_Varma_Press,_edit.jpg",,n,,duplicate of rrv_0038,
rrv_0035.jpg,"File:Lakshmi Embellished, by Ravi Varma Press.jpg","Lakshmi Embellished, by Ravi Varma Press",1890,Public domain,8618,11942,"https://commons.wikimedia.org/wiki/File:Lakshmi_Embellished,_by_Ravi_Varma_Press.jpg",,n,,duplicate of rrv_0038,
rrv_0036.jpg,"File:Lakshmi Embellished 2, by Ravi Varma Press.jpg","Lakshmi Embellished 2, by Ravi Varma Press",1890,Public domain,8372,11756,"https://commons.wikimedia.org/wiki/File:Lakshmi_Embellished_2,_by_Ravi_Varma_Press.jpg",,n,,duplicate of rrv_0038,
rrv_0037.jpg,"File:Lakshmi Saraswati Sanyog, by Raja Ravi Varma.jpg","Lakshmi Saraswati Sanyog, by Raja Ravi Varma","early 20th centurydate QS:P,+1950-00-00T00:00:00Z/7,P4241,Q40719727",Public domain,3399,4942,"https://commons.wikimedia.org/wiki/File:Lakshmi_Saraswati_Sanyog,_by_Raja_Ravi_Varma.jpg",,n,,duplicate of rrv_0013,
rrv_0038.jpg,File:Lakshmi by Raja Ravi Varma.jpg,Lakshmi by Raja Ravi Varma,"between 1848 and 1906date QS:P571,+1500-00-00T00:00:00Z/6,P1319,+1848-00-00T00:00:00Z/9,P1326,+1906-00-00T00:00:00Z/9; published around 1910",Public domain,2304,3072,https://commons.wikimedia.org/wiki/File:Lakshmi_by_Raja_Ravi_Varma.jpg,oleograph,y,,,high
rrv_0039.jpg,"File:Lakshmi on her lotus in the water with Elephant (Chromolithograph), by Ravi Varma.jpg",Lakshmi on her lotus in the water with Elephant (Chromolithograph),"1894date QS:P571,+1894-00-00T00:00:00Z/9",Public domain,794,1159,"https://commons.wikimedia.org/wiki/File:Lakshmi_on_her_lotus_in_the_water_with_Elephant_(Chromolithograph),_by_Ravi_Varma.jpg",,n,,duplicate of rrv_0038,
rrv_0040.jpg,"File:Malabar Beauty, by Raja Ravi Varma.jpg","Malabar Beauty, by Raja Ravi Varma","before 1906date QS:P,+1906-00-00T00:00:00Z/7,P1326,+1906-00-00T00:00:00Z/9",Public domain,1774,2473,"https://commons.wikimedia.org/wiki/File:Malabar_Beauty,_by_Raja_Ravi_Varma.jpg",oil,y,train,,high
rrv_0041.jpg,"File:Malayali Lady, by Raja Ravi Varma.jpg","Malayali Lady, by Raja Ravi Varma",1892,Public domain,3476,3932,"https://commons.wikimedia.org/wiki/File:Malayali_Lady,_by_Raja_Ravi_Varma.jpg",oil,y,train,,high
rrv_0042.jpg,File:Menaka the nymph tempting the yogi.jpg,Menaka the nymph tempting the yogi,"circa 1900date QS:P,+1900-00-00T00:00:00Z/9,P1480,Q5727902s",Public domain,773,1062,https://commons.wikimedia.org/wiki/File:Menaka_the_nymph_tempting_the_yogi.jpg,oleograph,y,,,high
rrv_0043.jpg,File:Mohini on a swing.jpg,Mohini,"January 1894date QS:P571,+1894-01-00T00:00:00Z/10",Public domain,3660,5119,https://commons.wikimedia.org/wiki/File:Mohini_on_a_swing.jpg,oil,y,test,,high
rrv_0044.jpg,File:Murugan by Raja Ravi Varma.jpg,"Sri Shanmukha Subrahmanya Swamilabel QS:Len,""Sri Shanmukha Subrahmanya Swami""label QS:Lar,""سري شانموكاها سوبرامانيا سوامي""label QS:Lml,""ശ്രീ ഷണ്മുഖ സുബ്രഹ്മണ്യസ്വാമി""",Unknown date,Public domain,2545,3474,https://commons.wikimedia.org/wiki/File:Murugan_by_Raja_Ravi_Varma.jpg,,n,,duplicate of rrv_0122,
rrv_0045.jpg,"File:National Gallery of Modern Art, Mumbai, India (20575179683).jpg",Arrival of a Cricket God,"9 January 2015, 13:38",CC BY-SA 2.0,4288,2848,"https://commons.wikimedia.org/wiki/File:National_Gallery_of_Modern_Art,_Mumbai,_India_(20575179683).jpg",,n,,photo of gallery wall,
rrv_0046.jpg,File:Panchakanya by Raja Ravi Varma.jpg,Panchakanya by Raja Ravi Varma,2018-12-26 16:14:34,CC BY-SA 2.0,1695,2500,https://commons.wikimedia.org/wiki/File:Panchakanya_by_Raja_Ravi_Varma.jpg,oleograph,y,,,high
rrv_0047.jpg,File:Pooruruttathi Thirunal Mahaprabha Amma Thampuran.jpg,Pooruruttathi Thirunal Mahaprabha Amma Thampuran,before 1891,Public domain,5268,6344,https://commons.wikimedia.org/wiki/File:Pooruruttathi_Thirunal_Mahaprabha_Amma_Thampuran.jpg,oil,y,test,,high
rrv_0048.jpg,File:R Varma Charity.jpg,"Charitylabel QS:Len,""Charity""",5 November 2011,Public domain,800,1111,https://commons.wikimedia.org/wiki/File:R_Varma_Charity.jpg,oil,y,train,,high
rrv_0049.jpg,File:Radha in the Moonlight.jpg,Radha in the Moonlight,1890,Public domain,3000,4178,https://commons.wikimedia.org/wiki/File:Radha_in_the_Moonlight.jpg,oil,y,train,,high
rrv_0050.jpg,"File:Raja Ravi Varma, Bharani Thirunal Rani Parvathi Bayi.jpg",Bharani Thirunal Rani Parvathi Bayi,"1868date QS:P571,+1868-00-00T00:00:00Z/9",Public domain,3024,4032,"https://commons.wikimedia.org/wiki/File:Raja_Ravi_Varma,_Bharani_Thirunal_Rani_Parvathi_Bayi.jpg",oil,y,train,,high
rrv_0051.jpg,"File:Raja Ravi Varma, Damayanti Vanavasa.jpg",Damayanthi Vanavasa,"1894date QS:P571,+1894-00-00T00:00:00Z/9",Public domain,4772,6880,"https://commons.wikimedia.org/wiki/File:Raja_Ravi_Varma,_Damayanti_Vanavasa.jpg",oil,y,test,,high
rrv_0052.jpg,"File:Raja Ravi Varma, Damayanti Vanavasa (Oleograph).jpg",Damayanthi Vanavasa,"circa 1910date QS:P571,+1910-00-00T00:00:00Z/9,P1480,Q5727902",Public domain,4220,5847,"https://commons.wikimedia.org/wiki/File:Raja_Ravi_Varma,_Damayanti_Vanavasa_(Oleograph).jpg",oleograph,y,,,high
rrv_0053.jpg,"File:Raja Ravi Varma, Decking the bride.jpg",Decking the Bride,Unknown date,Public domain,793,1252,"https://commons.wikimedia.org/wiki/File:Raja_Ravi_Varma,_Decking_the_bride.jpg",oil,y,train,,high
rrv_0054.jpg,"File:Raja Ravi Varma, Disappointing News.jpg",Dissapointing News,Unknown date,Public domain,3344,2597,"https://commons.wikimedia.org/wiki/File:Raja_Ravi_Varma,_Disappointing_News.jpg",oil,y,train,,high
rrv_0055.jpg,"File:Raja Ravi Varma, Expectation.jpg",Expectation,"1893date QS:P571,+1893-00-00T00:00:00Z/9",Public domain,800,1204,"https://commons.wikimedia.org/wiki/File:Raja_Ravi_Varma,_Expectation.jpg",oil,y,train,,high
rrv_0056.jpg,"File:Raja Ravi Varma, Goddess Lakshmi, 1896.jpg",Goddess Lakshmi,"1896date QS:P571,+1896-00-00T00:00:00Z/9",Public domain,1057,1496,"https://commons.wikimedia.org/wiki/File:Raja_Ravi_Varma,_Goddess_Lakshmi,_1896.jpg",oil,y,test,,low
rrv_0057.jpg,"File:Raja Ravi Varma, Goddess Saraswati.jpg",Goddess Saraswathi.,"circa 1930date QS:P571,+1930-00-00T00:00:00Z/9,P1480,Q5727902",Public domain,7953,10936,"https://commons.wikimedia.org/wiki/File:Raja_Ravi_Varma,_Goddess_Saraswati.jpg",,n,,duplicate of rrv_0107,
rrv_0058.jpg,"File:Raja Ravi Varma, Gypsies (1893).jpg",Gypsies,"1893date QS:P571,+1893-00-00T00:00:00Z/9",Public domain,2720,4256,"https://commons.wikimedia.org/wiki/File:Raja_Ravi_Varma,_Gypsies_(1893).jpg",oil,y,train,,high
rrv_0059.jpg,"File:Raja Ravi Varma, Haunsa Damayanti Sanwada (Oleograph print).jpg",Haunsa Damayanti Sanwada (Talk with Swan and Damayanti),"1890date QS:P571,+1890-00-00T00:00:00Z/9",Public domain,8273,11608,"https://commons.wikimedia.org/wiki/File:Raja_Ravi_Varma,_Haunsa_Damayanti_Sanwada_(Oleograph_print).jpg",oleograph,y,,,high
rrv_0060.jpg,File:Raja Ravi Varma (1848-1906) - The Maharani of Travancore - RCIN 404097 - Royal Collection.jpg,"The Maharani of Travancore title QS:P1476,en:""The Maharani of Travancore ""label QS:Len,""The Maharani of Travancore """,1887,Public domain,1658,2400,https://commons.wikimedia.org/wiki/File:Raja_Ravi_Varma_(1848-1906)_-_The_Maharani_of_Travancore_-_RCIN_404097_-_Royal_Collection.jpg,oil,y,train,,high
rrv_0061.jpg,File:Raja Ravi Varma - Dattatreya.jpg,Dattatreya,"circa 1910date QS:P571,+1910-00-00T00:00:00Z/9,P1480,Q5727902",Public domain,2304,3072,https://commons.wikimedia.org/wiki/File:Raja_Ravi_Varma_-_Dattatreya.jpg,oleograph,y,,,high
rrv_0062.jpg,File:Raja Ravi Varma - Mahabharata - Shakuntala.jpg,"""Shakuntala looking back to glimpse Dushyanta""","1898date QS:P571,+1898-00-00T00:00:00Z/9",Public domain,2598,4256,https://commons.wikimedia.org/wiki/File:Raja_Ravi_Varma_-_Mahabharata_-_Shakuntala.jpg,oil,y,train,,high
rrv_0063.jpg,File:Raja Ravi Varma - Portrait of a Lady - Google Art Project.jpg,"Portrait of a Ladytitle QS:P1476,en:""Portrait of a Lady""label QS:Len,""Portrait of a Lady""","1893date QS:P571,+1893-00-00T00:00:00Z/9",Public domain,3536,4921,https://commons.wikimedia.org/wiki/File:Raja_Ravi_Varma_-_Portrait_of_a_Lady_-_Google_Art_Project.jpg,oil,y,train,,high
rrv_0064.jpg,File:Raja Ravi Varma - Tilottama.jpg,"Untitled (Tilottama)label QS:Len,""Untitled (Tilottama)""","1896date QS:P571,+1896-00-00T00:00:00Z/9",Public domain,1305,2000,https://commons.wikimedia.org/wiki/File:Raja_Ravi_Varma_-_Tilottama.jpg,oil,y,train,,high
rrv_0065.jpg,File:Raja Ravi Varma - Woman Holding a Fruit - Google Art Project.jpg,"Woman Holding a Fruittitle QS:P1476,en:""Woman Holding a Fruit""label QS:Len,""Woman Holding a Fruit""","late 19th centurydate QS:P571,+1850-00-00T00:00:00Z/7,P4241,Q40719766",Public domain,3816,4921,https://commons.wikimedia.org/wiki/File:Raja_Ravi_Varma_-_Woman_Holding_a_Fruit_-_Google_Art_Project.jpg,oil,y,train,,high
rrv_0066.jpg,File:Raja Ravi Varma Painting in Laxmi Vilas Palace.jpg,Raja Ravi Varma Painting in Laxmi Vilas Palace,2017-05-28,CC BY-SA 4.0,1152,1391,https://commons.wikimedia.org/wiki/File:Raja_Ravi_Varma_Painting_in_Laxmi_Vilas_Palace.jpg,oleograph,y,,,high
rrv_0067.jpg,"File:Raja Ravi Varma, Jatayu vadha, 1906.jpg",Jadayu vadha,"1906date QS:P571,+1906-00-00T00:00:00Z/9",Public domain,2605,3640,"https://commons.wikimedia.org/wiki/File:Raja_Ravi_Varma,_Jatayu_vadha,_1906.jpg",,n,,duplicate of rrv_0104,
rrv_0068.jpg,"File:Raja Ravi Varma, Kadambari.jpg",Kadambari,"circa 1890date QS:P571,+1890-00-00T00:00:00Z/9,P1480,Q5727902",Public domain,6112,8544,"https://commons.wikimedia.org/wiki/File:Raja_Ravi_Varma,_Kadambari.jpg",oil,y,train,,high
rrv_0069.jpg,"File:Raja Ravi Varma, Keechaka and Sairandhri, 1890.jpg",Sairandri and Keechaka,"1890date QS:P571,+1890-00-00T00:00:00Z/9",Public domain,2500,3511,"https://commons.wikimedia.org/wiki/File:Raja_Ravi_Varma,_Keechaka_and_Sairandhri,_1890.jpg",oil,y,train,,high
rrv_0070.jpg,"File:Raja Ravi Varma, Keechaka and Sairandhri, Oleograph.jpg",Keechaka and Sairandhri,"between 1848 and 1906date QS:P571,+1500-00-00T00:00:00Z/6,P1319,+1848-00-00T00:00:00Z/9,P1326,+1906-00-00T00:00:00Z/9; published around 1910",Public domain,8000,11605,"https://commons.wikimedia.org/wiki/File:Raja_Ravi_Varma,_Keechaka_and_Sairandhri,_Oleograph.jpg",oleograph,y,,,high
rrv_0071.jpg,"File:Raja Ravi Varma, Lady at Ball Game.jpg",Lady at Ball Game,"circa 1894date QS:P571,+1894-00-00T00:00:00Z/9,P1480,Q5727902",Public domain,2189,3546,"https://commons.wikimedia.org/wiki/File:Raja_Ravi_Varma,_Lady_at_Ball_Game.jpg",oil,y,train,,high
rrv_0072.jpg,"File:Raja Ravi Varma, Lady in the Moon Light (1889).jpg",Lady in the Moon Light,"1889date QS:P571,+1889-00-00T00:00:00Z/9",Public domain,800,1121,"https://commons.wikimedia.org/wiki/File:Raja_Ravi_Varma,_Lady_in_the_Moon_Light_(1889).jpg",oil,y,train,,high
rrv_0073.jpg,"File:Raja Ravi Varma, Malabar Beauty.jpg",Malabar beauty,Unknown date,Public domain,1924,2626,"https://commons.wikimedia.org/wiki/File:Raja_Ravi_Varma,_Malabar_Beauty.jpg",oil,y,train,,high
rrv_0074.jpg,"File:Raja Ravi Varma, Markandeya.jpg",Markandeya,"1910date QS:P571,+1910-00-00T00:00:00Z/9",Public domain,784,1071,"https://commons.wikimedia.org/wiki/File:Raja_Ravi_Varma,_Markandeya.jpg",oleograph,y,,,high
rrv_0075.jpg,"File:Raja Ravi Varma, Mother and Child.jpg",A Sisterly Remembrance,"1893date QS:P571,+1893-00-00T00:00:00Z/9",Public domain,5064,6193,"https://commons.wikimedia.org/wiki/File:Raja_Ravi_Varma,_Mother_and_Child.jpg",oil,y,train,,high
rrv_0076.jpg,"File:Raja Ravi Varma, Reclining Woman.jpg",Reclining Nayar Lady  [1],1902[3],Public domain,4024,2840,"https://commons.wikimedia.org/wiki/File:Raja_Ravi_Varma,_Reclining_Woman.jpg",oil,y,train,,high
rrv_0077.jpg,"File:Raja Ravi Varma, Reverie.jpg",Reverie,"1900date QS:P571,+1900-00-00T00:00:00Z/9",Public domain,8108,11173,"https://commons.wikimedia.org/wiki/File:Raja_Ravi_Varma,_Reverie.jpg",oil,y,train,,high
rrv_0078.jpg,"File:Raja Ravi Varma, Sairandhri (1891).jpg",Sairandhri,"1891date QS:P571,+1891-00-00T00:00:00Z/9",Public domain,4358,6390,"https://commons.wikimedia.org/wiki/File:Raja_Ravi_Varma,_Sairandhri_(1891).jpg",oil,y,train,,high
rrv_0079.jpg,"File:Raja Ravi Varma, Sairandhri (1891) (cropped).jpg",Sairandhri,"1891date QS:P571,+1891-00-00T00:00:00Z/9",Public domain,2402,4255,"https://commons.wikimedia.org/wiki/File:Raja_Ravi_Varma,_Sairandhri_(1891)_(cropped).jpg",,n,,duplicate of rrv_0078,
rrv_0080.jpg,"File:Raja Ravi Varma, Sakunthala Pathralekhan.jpg",Sakunthala Pathralekhan,"circa 1930date QS:P571,+1930-00-00T00:00:00Z/9,P1480,Q5727902",Public domain,12018,8647,"https://commons.wikimedia.org/wiki/File:Raja_Ravi_Varma,_Sakunthala_Pathralekhan.jpg",,n,,duplicate of rrv_0114,
rrv_0081.jpg,"File:Raja Ravi Varma, Sakunthala Pathralekhan (another version).jpg",Sakunthala Pathralekhan,Unknown date,Public domain,4395,5703,"https://commons.wikimedia.org/wiki/File:Raja_Ravi_Varma,_Sakunthala_Pathralekhan_(another_version).jpg",oil,y,train,,high
rrv_0082.jpg,"File:Raja Ravi Varma, Shakuntala and Sakhis (Oleographic print).jpg",Shakuntala and Sakhis,"circa 1930date QS:P571,+1930-00-00T00:00:00Z/9,P1480,Q5727902",Public domain,4105,5842,"https://commons.wikimedia.org/wiki/File:Raja_Ravi_Varma,_Shakuntala_and_Sakhis_(Oleographic_print).jpg",oleograph,y,,,high
rrv_0083.jpg,"File:Raja Ravi Varma, Shakuntala lost in thoughts (1901).jpg",Shakuntala,"1901date QS:P571,+1901-00-00T00:00:00Z/9",Public domain,5799,7982,"https://commons.wikimedia.org/wiki/File:Raja_Ravi_Varma,_Shakuntala_lost_in_thoughts_(1901).jpg",oil,y,train,,high
rrv_0084.jpg,"File:Raja Ravi Varma, Thara Varini (1896).jpg",Thara Varini / A Tamil Lady,"1896date QS:P571,+1896-00-00T00:00:00Z/9",Public domain,2594,3476,"https://commons.wikimedia.org/wiki/File:Raja_Ravi_Varma,_Thara_Varini_(1896).jpg",oil,y,train,,high
rrv_0085.jpg,"File:Raja Ravi Varma, The Maharashtrian Lady.jpg",The Maharashtrian Lady,Unknown date,Public domain,4655,6695,"https://commons.wikimedia.org/wiki/File:Raja_Ravi_Varma,_The_Maharashtrian_Lady.jpg",oil,y,train,,high
rrv_0086.jpg,"File:Raja Ravi Varma, The Miser (1901).jpg","Malayalam:  ലുബ്‌ധന്‍The Misertitle QS:P1476,ml:""ലുബ്‌ധന്‍""label QS:Lml,""ലുബ്‌ധന്‍""label QS:Len,""The Miser""","1901date QS:P571,+1901-00-00T00:00:00Z/9",Public domain,2934,3993,"https://commons.wikimedia.org/wiki/File:Raja_Ravi_Varma,_The_Miser_(1901).jpg",oil,y,test,,high
rrv_0087.jpg,"File:Raja Ravi Varma, The suckling child.jpg",The suckling child,Unknown date,Public domain,1200,1026,"https://commons.wikimedia.org/wiki/File:Raja_Ravi_Varma,_The_suckling_child.jpg",oil,y,train,,high
rrv_0088.jpg,"File:Raja Ravi Varma, There Comes Papa (1893).jpg","Malayalam:  അതാ അച്ഛൻ വരുന്നു There Comes Papatitle QS:P1476,ml:""അതാ അച്ഛൻ വരുന്നു ""label QS:Lml,""അതാ അച്ഛൻ വരുന്നു ""label QS:Ltr,""There Comes Papa""label QS:Lmr,""देर कम्स पापा""label QS:Lzh,""爸爸来了""label QS:Len,""There Comes Papa""label QS:Lhi,""देर कम्स पापा""",1893,Public domain,3814,5968,"https://commons.wikimedia.org/wiki/File:Raja_Ravi_Varma,_There_Comes_Papa_(1893).jpg",oil,y,train,,high
rrv_0089.jpg,"File:Raja Ravi Varma, Vasantika (oleographic print).jpg",Vasantika,"circa 1910date QS:P571,+1910-00-00T00:00:00Z/9,P1480,Q5727902",Public domain,8337,11727,"https://commons.wikimedia.org/wiki/File:Raja_Ravi_Varma,_Vasantika_(oleographic_print).jpg",oleograph,y,,,high
rrv_0090.jpg,"File:Raja Ravi Varma, Yasoda with Krishna.jpg",Yasoda with Krishna,Unknown date,Public domain,800,970,"https://commons.wikimedia.org/wiki/File:Raja_Ravi_Varma,_Yasoda_with_Krishna.jpg",oil,y,train,,high
rrv_0091.jpg,"File:Raja and Rani of Kurupam, by Raja Ravi Varma (detail).jpg",Raja and Rani of Kurupam,"1902date QS:P571,+1902-00-00T00:00:00Z/9",Public domain,5472,6768,"https://commons.wikimedia.org/wiki/File:Raja_and_Rani_of_Kurupam,_by_Raja_Ravi_Varma_(detail).jpg",oil,y,train,,high
rrv_0092.jpg,File:Raja ravivarma painting 50 historic meeting.jpg,Historic Meeting,"1881date QS:P571,+1881-00-00T00:00:00Z/9",Public domain,2800,2039,https://commons.wikimedia.org/wiki/File:Raja_ravivarma_painting_50_historic_meeting.jpg,oil,y,train,,high
rrv_0093.jpg,File:Ram & Laxman.JPG,Ram & Laxman,not mentioned,Public domain,1333,2000,https://commons.wikimedia.org/wiki/File:Ram_%26_Laxman.JPG,oil,y,test,,low
rrv_0094.jpg,File:Rama-Varuna.jpg,Sri Rama Vanquishing the Sea,Unknown date,Public domain,790,1065,https://commons.wikimedia.org/wiki/File:Rama-Varuna.jpg,oil,y,train,,high
rrv_0095.jpg,File:Rama breaking the bow to win Sita as wife.jpg,Rama breaking the bow to win Sita as wife,"early 20th centurydate QS:P571,+1950-00-00T00:00:00Z/7,P4241,Q40719727",Public domain,2286,2907,https://commons.wikimedia.org/wiki/File:Rama_breaking_the_bow_to_win_Sita_as_wife.jpg,oleograph,y,,,high
rrv_0096.jpg,File:Rama crossing Sarayu in Ivory.jpg,Rama crossing Sarayu in Ivory,2016-10-10 11:31:19,CC BY-SA 4.0,5152,3864,https://commons.wikimedia.org/wiki/File:Rama_crossing_Sarayu_in_Ivory.jpg,,n,,photo of a sculpture,
rrv_0097.jpg,File:Rama releasing Ahalya from curse.jpg,Release of Ahalya,"before 1910date QS:P571,+1910-00-00T00:00:00Z/7,P1326,+1910-00-00T00:00:00Z/9",Public domain,2304,3072,https://commons.wikimedia.org/wiki/File:Rama_releasing_Ahalya_from_curse.jpg,,n,,duplicate of rrv_0093,
rrv_0098.jpg,"File:Ramapanchayan, Raja Ravi Varma (Lithograph).jpg",Ramapanchayan,"before 1906date QS:P571,+1906-00-00T00:00:00Z/7,P1326,+1906-00-00T00:00:00Z/9",Public domain,4106,5712,"https://commons.wikimedia.org/wiki/File:Ramapanchayan,_Raja_Ravi_Varma_(Lithograph).jpg",oleograph,y,,,high
rrv_0099.jpg,File:Rani Bharani Thirunal Lakshmi Bayi of Travancore (1848–1901).jpg,"Maharani Lakshmi Bayilabel QS:Len,""Maharani Lakshmi Bayi""label QS:Lml,""ഭരണി തിരുനാൾ റാണി ലക്ഷ്മീബായ്""","1883date QS:P571,+1883-00-00T00:00:00Z/9",Public domain,3000,3790,https://commons.wikimedia.org/wiki/File:Rani_Bharani_Thirunal_Lakshmi_Bayi_of_Travancore_(1848%E2%80%931901).jpg,oil,y,train,,high
rrv_0100.jpg,File:Ravi Varma-Draupadi and Simhika.jpg,Draupadi and Simhika,"1896date QS:P571,+1896-00-00T00:00:00Z/9",Public domain,2616,4256,https://commons.wikimedia.org/wiki/File:Ravi_Varma-Draupadi_and_Simhika.jpg,oil,y,train,,high
rrv_0101.jpg,File:Ravi Varma-Lady playing the swarbat.jpg,A Tamil Lady Playing the Swarbat,"1874date QS:P571,+1874-00-00T00:00:00Z/9",Public domain,4934,6173,https://commons.wikimedia.org/wiki/File:Ravi_Varma-Lady_playing_the_swarbat.jpg,oil,y,train,,high
rrv_0102.jpg,File:Ravi Varma-Princess Damayanthi talking with Royal Swan about Nala.jpg,"Hamsa Damayantilabel QS:Len,""Hamsa Damayanti""label QS:Lsi,""හංස දමයන්ති""label QS:Lml,""ഹംസവും ദമയന്തിയും""","1899date QS:P571,+1899-00-00T00:00:00Z/9",Public domain,2448,4256,https://commons.wikimedia.org/wiki/File:Ravi_Varma-Princess_Damayanthi_talking_with_Royal_Swan_about_Nala.jpg,,n,,duplicate of rrv_0003,
rrv_0103.jpg,File:Ravi Varma-Rama-breaking-bow.jpg,Sri Rama breaking the bow,Unknown date,Public domain,2678,4106,https://commons.wikimedia.org/wiki/File:Ravi_Varma-Rama-breaking-bow.jpg,oil,y,test,,low
rrv_0104.jpg,File:Ravi Varma-Ravana Sita Jathayu.jpg,Jatayu Vadham,"1895date QS:P571,+1895-00-00T00:00:00Z/9",Public domain,2832,4080,https://commons.wikimedia.org/wiki/File:Ravi_Varma-Ravana_Sita_Jathayu.jpg,oil,y,train,,high
rrv_0105.jpg,File:Ravi Varma-Swarbat player jewellery.jpg,Ravi Varma-Swarbat player jewellery,,Public domain,1656,1992,https://commons.wikimedia.org/wiki/File:Ravi_Varma-Swarbat_player_jewellery.jpg,oil,y,train,,high
rrv_0106.jpg,File:Sarasvati with her sitar and peacock. Chromolithograph by R. Wellcome V0045121.jpg,Sarasvati,,CC BY 4.0,4099,5604,https://commons.wikimedia.org/wiki/File:Sarasvati_with_her_sitar_and_peacock._Chromolithograph_by_R._Wellcome_V0045121.jpg,,n,,duplicate of rrv_0107,
rrv_0107.jpg,File:Saraswati.jpg,Goddess Saraswathi,"1896date QS:P571,+1896-00-00T00:00:00Z/9",Public domain,925,1496,https://commons.wikimedia.org/wiki/File:Saraswati.jpg,oil,y,train,,low
rrv_0108.jpg,File:Saraswati - Raja Ravi Varma.jpg,Saraswati,,Public domain,922,1250,https://commons.wikimedia.org/wiki/File:Saraswati_-_Raja_Ravi_Varma.jpg,,n,,duplicate of rrv_0107,
rrv_0109.jpg,File:Saraswati Devi.jpg,"Saraswati is the Hindu goddess of knowledge, music, art and wisdom. She is the embodiment of learning and to pay obeisance to her is considered paramount before embarking on any venture, auspicious or otherwise. Saraswati appears both as a reference to a river and deity in the Vedas. Her four hands are symbolic: the pustaka (book) signifies knowledge, the mala (beads) represent the power of meditation, the veena (instrument) stands for the creative ability. In some images, she is also shown holding a pot of water representing purity. Her choice of vahan is either a peacock or a swan and she is always depicted near a flowing river.","1890date QS:P571,+1890-00-00T00:00:00Z/9",Public domain,7424,10588,https://commons.wikimedia.org/wiki/File:Saraswati_Devi.jpg,,n,,duplicate of rrv_0107,
rrv_0110.jpg,File:Saraswati Print.jpg,Saraswati,"between 1894 and 1900date QS:P571,+1500-00-00T00:00:00Z/6,P1319,+1894-00-00T00:00:00Z/9,P1326,+1900-00-00T00:00:00Z/9",Public domain,2878,3822,https://commons.wikimedia.org/wiki/File:Saraswati_Print.jpg,,n,,duplicate of rrv_0107,
rrv_0111.jpg,File:Saraswati by Raja Ravi Varma.jpg,Saraswati by Raja Ravi Varma,"1894date QS:P571,+1894-00-00T00:00:00Z/9",Public domain,2304,3072,https://commons.wikimedia.org/wiki/File:Saraswati_by_Raja_Ravi_Varma.jpg,,n,,duplicate of rrv_0107,
rrv_0112.jpg,File:Savitri Narad Samvad.jpg,Savitri Narad Samvad,"19th centurydate QS:P571,+1850-00-00T00:00:00Z/7",Public domain,1300,1869,https://commons.wikimedia.org/wiki/File:Savitri_Narad_Samvad.jpg,oleograph,y,,,high
rrv_0113.jpg,File:Shakuntala In The Court Of Dushyant - Raja Ravi Varma.jpg,Shakuntala In The Court Of Dushyant - Raja Ravi Varma,1880s-90s,Public domain,1100,828,https://commons.wikimedia.org/wiki/File:Shakuntala_In_The_Court_Of_Dushyant_-_Raja_Ravi_Varma.jpg,oil,y,train,,high
rrv_0114.jpg,File:Shakuntala Patra Lekhan (Shakuntala writing a Letter) by Raja Ravi Varma.jpg,Shakuntala Patra Lekhan (Shakuntala writing a Letter) by Raja Ravi Varma,before 1906,Public domain,2500,1825,https://commons.wikimedia.org/wiki/File:Shakuntala_Patra_Lekhan_(Shakuntala_writing_a_Letter)_by_Raja_Ravi_Varma.jpg,oleograph,y,,,high
rrv_0115.jpg,File:Shakuntala Patralekhan.jpg,"Shakuntala Patra-lekhanlabel QS:Len,""Shakuntala Patra-lekhan""label QS:Lzh,""沙昆塔拉-帕特拉-雷汗""label QS:Lml,""ശകുന്തള പത്ര-ലേഖൻ""","early 20th centurydate QS:P571,+1950-00-00T00:00:00Z/7,P4241,Q40719727",Public domain,3072,2304,https://commons.wikimedia.org/wiki/File:Shakuntala_Patralekhan.jpg,,n,,duplicate of rrv_0114,
rrv_0116.jpg,File:Shakuntala lost in Dushyanta's thoughts.jpg,Shakuntala lost in Dushyanta's thoughts,(1848 - 1906),Public domain,1062,1421,https://commons.wikimedia.org/wiki/File:Shakuntala_lost_in_Dushyanta%27s_thoughts.jpg,,n,,duplicate of rrv_0083,
rrv_0117.jpg,File:Shani Deva.jpg,Shani Deva,Unknown date,Public domain,1025,1522,https://commons.wikimedia.org/wiki/File:Shani_Deva.jpg,oleograph,y,,,high
rrv_0118.jpg,File:Shanmukha Subramanyaswami by Raja Ravi Varma.jpg,Shanmukha Subramanyaswami by Raja Ravi Varma,"circa 1930date QS:P,+1930-00-00T00:00:00Z/9,P1480,Q5727902",Public domain,2019,2915,https://commons.wikimedia.org/wiki/File:Shanmukha_Subramanyaswami_by_Raja_Ravi_Varma.jpg,,n,,duplicate of rrv_0122,
rrv_0119.jpg,File:Sita(1).jpg,Sita(1),"19th centurydate QS:P571,+1850-00-00T00:00:00Z/7",Public domain,1300,1881,https://commons.wikimedia.org/wiki/File:Sita(1).jpg,oleograph,y,,,high
rrv_0120.jpg,File:Sita Bhumipravesh.jpg,Sita Bhumipravesh,1880,Public domain,8902,7028,https://commons.wikimedia.org/wiki/File:Sita_Bhumipravesh.jpg,oil,y,train,,high
rrv_0121.jpg,File:Sri Krishna as Envoy.jpg,Sri Krishna as Envoy,,Public domain,800,1105,https://commons.wikimedia.org/wiki/File:Sri_Krishna_as_Envoy.jpg,oil,y,train,,high
rrv_0122.jpg,File:Sri Shanmukaha Subramania Swami.jpg,Sri Shanmukaha Subramania Swami,Unknown date,Public domain,2545,3474,https://commons.wikimedia.org/wiki/File:Sri_Shanmukaha_Subramania_Swami.jpg,oleograph,y,,,high
rrv_0123.jpg,"File:Tara, by Raja Ravi Varma.jpg","Tara, by Raja Ravi Varma","early 20th centurydate QS:P,+1950-00-00T00:00:00Z/7,P4241,Q40719727",Public domain,2304,3072,"https://commons.wikimedia.org/wiki/File:Tara,_by_Raja_Ravi_Varma.jpg",oleograph,y,,,high
rrv_0124.jpg,"File:The Begum's Bath, by Raja Ravi Varma.jpg","The Begum's Bath, by Raja Ravi Varma",before 1906,Public domain,2502,3793,"https://commons.wikimedia.org/wiki/File:The_Begum%27s_Bath,_by_Raja_Ravi_Varma.jpg",oil,y,train,,high
rrv_0125.jpg,File:The Coquette.jpg,"The Coquettelabel QS:Len,""The Coquette""","1893date QS:P571,+1893-00-00T00:00:00Z/9",Public domain,3047,3856,https://commons.wikimedia.org/wiki/File:The_Coquette.jpg,oil,y,train,,high
rrv_0126.jpg,File:The Fatal Garland from The Modern Review Vol 01 (Jan.-June 1907) (page 7 crop).jpg,The Fatal Garland from The Modern Review Vol 01 (Jan.-June 1907) (page 7 crop),,Public domain,1109,937,https://commons.wikimedia.org/wiki/File:The_Fatal_Garland_from_The_Modern_Review_Vol_01_(Jan.-June_1907)_(page_7_crop).jpg,,n,,magazine page with caption,
rrv_0127.jpg,"File:There Comes Papa, by Raja Ravi Varma.jpg","There Comes Papa, by Raja Ravi Varma",1893-05,Public domain,1781,2715,"https://commons.wikimedia.org/wiki/File:There_Comes_Papa,_by_Raja_Ravi_Varma.jpg",,n,,duplicate of rrv_0088,
rrv_0128.jpg,File:Varaha Raja Ravi Varma.jpg,Varaha Raja Ravi Varma,"circa 1930date QS:P,+1930-00-00T00:00:00Z/9,P1480,Q5727902",Public domain,2805,4150,https://commons.wikimedia.org/wiki/File:Varaha_Raja_Ravi_Varma.jpg,oleograph,y,,,high
rrv_0129.jpg,File:Varma - Vishvamitra Meditation.jpg,"Vishvamitralabel QS:Len,""Vishvamitra""","1897date QS:P571,+1897-00-00T00:00:00Z/9",Public domain,3682,4652,https://commons.wikimedia.org/wiki/File:Varma_-_Vishvamitra_Meditation.jpg,oil,y,train,,high
rrv_0130.jpg,File:Victory of Meghanada by RRV.jpg,Victory of Meghanada,"1905date QS:P571,+1905-00-00T00:00:00Z/9",Public domain,4395,5796,https://commons.wikimedia.org/wiki/File:Victory_of_Meghanada_by_RRV.jpg,oil,y,train,,high
rrv_0131.jpg,"File:Village Belle, by Raja Ravi Varma.jpg","Village Belle, by Raja Ravi Varma",Unknown date,Public domain,1332,2330,"https://commons.wikimedia.org/wiki/File:Village_Belle,_by_Raja_Ravi_Varma.jpg",oil,y,train,,high
rrv_0132.jpg,File:Viswāmitra rejecting his daughter Sakuntalā's birt Wellcome L0021788.jpg,Viswāmitra rejecting his daughter Sakuntalā's birt,,CC BY 4.0,1174,1628,https://commons.wikimedia.org/wiki/File:Visw%C4%81mitra_rejecting_his_daughter_Sakuntal%C4%81%27s_birt_Wellcome_L0021788.jpg,,n,,duplicate of rrv_0133,
rrv_0133.jpg,File:Viswāmitra rejecting his daughter Sakuntalā's birt Wellcome V0045113.jpg,Viswāmitra rejecting his daughter Sakuntalā's birt,,CC BY 4.0,2249,3225,https://commons.wikimedia.org/wiki/File:Visw%C4%81mitra_rejecting_his_daughter_Sakuntal%C4%81%27s_birt_Wellcome_V0045113.jpg,oleograph,y,,,high
rrv_0134.jpg,File:Yesoda-krishna.jpg,Yesoda-krishna,12 October 2011,Public domain,796,970,https://commons.wikimedia.org/wiki/File:Yesoda-krishna.jpg,,n,,duplicate of rrv_0090,
